# Released model (seed 1, epoch 135, models/autocal_uv_1600_1700_refined_final.pt) applied to SDOML-v2 frames as observed (stored frame x DEG_COR), mirrored left-right as in the evaluation.
# alpha_hat is the relative sensitivity, 1 = SDOML-v2's corrected level. It recovers DEG_COR; it is not an independent calibration of the official curve.
# All months are included; the report's error figures use the held-out months (Nov-Dec) only.
# Systematic: calibration bias up to 0.0053 (1600 A) and 0.0028 (1700 A) inside each channel's official range (report Table 1), not included in any column.
# Read with pandas.read_csv(path, comment='#'). Made by tools/make_curve.py.
# One row per channel and bin. A bin is a calendar month, split where DEG_COR changes by more than 0.002 from one day to the next (a calibration step); bins with fewer than 5 frames join a neighbour on the same side of the step. segment = the stretch between two steps.
# t_first, t_last, t_mid: first, last and median T_OBS (1600 A) in the bin; n_frames: pairs in the bin; n_heldout: how many of them are in held-out months.
# alpha_median, alpha_p16, alpha_p84: median and 16th/84th percentiles of the daily alpha_hat in the bin, and alpha_std their standard deviation. They include alpha's own change within the bin; resid_* do not.
# alpha_sem = alpha_std / sqrt(n_frames): the standard error of the bin mean if days were independent (that of the median is about 1.25 times larger); days are not independent, so read it as a lower bound.
# alpha_ckpt_min/max: range of the bin median over 6 checkpoints (seeds 1-3, chosen and last epoch).
# deg_cor_median: median DEG_COR in the bin. resid_median, resid_p16, resid_p84: the same statistics of alpha_hat - DEG_COR, frame by frame.
# Month-level accuracy against DEG_COR, 2010-2020: RMS of resid_median 0.0091 (1600 A) and 0.0063 (1700 A); largest |resid_median| 0.0272 and 0.0208. This is larger than alpha_sem and the checkpoint range, and is the better guide to a month's uncertainty.
channel,segment,t_first,t_last,t_mid,n_frames,n_heldout,alpha_median,alpha_p16,alpha_p84,alpha_std,alpha_sem,alpha_ckpt_min,alpha_ckpt_max,deg_cor_median,resid_median,resid_p16,resid_p84
1600A,0,2010-05-20 00:00:00,2010-05-30 23:59:48,2010-05-23 23:53:54,9,0,1.001183,0.985749,1.009392,0.011974,0.003991,0.980737,1.001183,0.990320,0.010863,-0.003752,0.018592
1600A,0,2010-06-01 00:00:00,2010-06-30 23:59:54,2010-06-15 23:59:54,31,0,0.992021,0.986302,0.997963,0.007470,0.001342,0.980065,0.992021,0.986480,0.005659,-0.001539,0.011676
1600A,0,2010-07-01 23:59:54,2010-07-31 23:59:54,2010-07-16 11:59:54,30,0,0.986044,0.980037,0.994009,0.006701,0.001224,0.976210,0.986044,0.981600,0.004225,-0.002021,0.013767
1600A,0,2010-08-01 23:59:54,2010-08-31 23:59:54,2010-08-16 23:59:54,31,0,0.991224,0.983366,0.997728,0.006943,0.001247,0.981169,0.991224,0.976560,0.014868,0.006614,0.021888
1600A,0,2010-09-01 23:59:54,2010-09-30 23:59:54,2010-09-16 11:59:54,30,0,0.987364,0.979317,0.996077,0.010198,0.001862,0.977777,0.987364,0.971680,0.015092,0.006259,0.024273
1600A,0,2010-10-01 23:59:54,2010-10-31 23:59:54,2010-10-15 23:59:54,27,0,0.972104,0.961131,0.980586,0.010557,0.002032,0.963295,0.972104,0.966960,0.006104,-0.005628,0.013005
1600A,0,2010-11-01 23:53:54,2010-11-30 23:59:54,2010-11-16 11:59:54,30,30,0.961976,0.950071,0.969757,0.009161,0.001673,0.948044,0.961976,0.961920,0.000109,-0.011321,0.007689
1600A,0,2010-12-01 23:59:54,2010-12-31 23:59:54,2010-12-16 23:59:54,31,31,0.948036,0.942174,0.957184,0.009009,0.001618,0.938687,0.948036,0.957040,-0.009148,-0.015001,-0.000238
1600A,0,2011-01-01 23:59:54,2011-01-26 23:59:54,2011-01-14 11:59:54,26,0,0.947698,0.937519,0.951175,0.007109,0.001394,0.933228,0.947698,0.952480,-0.005328,-0.015841,-0.000434
1600A,1,2011-01-27 23:59:54,2011-01-31 23:59:54,2011-01-29 23:59:54,5,0,0.951626,0.937327,0.954599,0.010498,0.004695,0.930863,0.951626,0.965166,-0.013540,-0.028483,-0.009923
1600A,1,2011-02-01 23:59:54,2011-02-28 23:59:54,2011-02-14 23:59:54,27,0,0.959833,0.953970,0.964675,0.006380,0.001228,0.946601,0.959833,0.957588,0.003328,-0.007302,0.008758
1600A,1,2011-03-01 23:59:54,2011-03-30 23:59:54,2011-03-16 11:59:54,30,0,0.956624,0.944953,0.969029,0.012091,0.002208,0.945737,0.956624,0.943617,0.014729,0.001094,0.026131
1600A,1,2011-04-01 00:05:54,2011-04-30 23:59:54,2011-04-16 11:59:54,30,0,0.940587,0.934491,0.947202,0.008846,0.001615,0.926769,0.940587,0.928936,0.012109,0.001885,0.019457
1600A,1,2011-05-01 23:59:54,2011-05-31 23:59:54,2011-05-16 12:02:54,30,0,0.925655,0.915720,0.929865,0.007155,0.001306,0.914054,0.925655,0.914728,0.008720,0.001224,0.016358
1600A,1,2011-06-01 23:59:54,2011-06-30 23:59:54,2011-06-17 11:59:54,28,0,0.906826,0.901535,0.919546,0.008739,0.001652,0.900228,0.906826,0.899572,0.007729,0.002220,0.018149
1600A,1,2011-07-01 23:59:54,2011-07-31 23:59:54,2011-07-17 23:59:54,29,0,0.896007,0.888189,0.903253,0.007921,0.001471,0.884219,0.896007,0.885127,0.010016,0.005497,0.015692
1600A,1,2011-08-01 23:59:54,2011-08-31 23:59:54,2011-08-16 23:59:54,31,0,0.875923,0.867170,0.885699,0.008164,0.001466,0.869024,0.875923,0.870920,0.005213,-0.002621,0.010528
1600A,1,2011-09-01 23:59:54,2011-09-30 23:59:54,2011-09-15 23:59:54,29,0,0.859857,0.846311,0.863246,0.009291,0.001725,0.849247,0.859857,0.856712,-0.000241,-0.007188,0.006890
1600A,1,2011-10-01 23:59:54,2011-10-31 23:59:54,2011-10-16 23:59:54,29,0,0.829932,0.821089,0.841818,0.010397,0.001931,0.826532,0.833008,0.842030,-0.010689,-0.016987,-0.004105
1600A,1,2011-11-01 23:59:54,2011-11-30 23:59:54,2011-11-16 11:59:54,30,30,0.818788,0.809246,0.825640,0.007481,0.001366,0.809254,0.818788,0.827585,-0.009569,-0.014384,-0.002171
1600A,1,2011-12-01 23:59:54,2011-12-30 23:53:54,2011-12-17 11:59:54,28,28,0.804461,0.792275,0.809056,0.008636,0.001632,0.798590,0.807714,0.812904,-0.011014,-0.020166,-0.001817
1600A,2,2011-12-31 23:59:54,2012-01-31 23:59:54,2012-01-16 11:59:54,32,1,0.734865,0.725777,0.743648,0.014294,0.002527,0.728867,0.736062,0.729707,0.005158,-0.003930,0.013941
1600A,2,2012-02-01 23:59:54,2012-02-29 23:59:54,2012-02-15 23:59:54,29,0,0.736136,0.727655,0.741370,0.007316,0.001359,0.729337,0.736136,0.729707,0.006429,-0.002052,0.011663
1600A,2,2012-03-01 23:53:54,2012-03-31 23:59:54,2012-03-16 23:59:54,31,0,0.726494,0.721531,0.731386,0.005220,0.000938,0.720583,0.728248,0.729707,-0.003213,-0.008176,0.001679
1600A,2,2012-04-01 23:59:54,2012-04-08 23:59:54,2012-04-05 11:59:54,8,0,0.710885,0.707950,0.718001,0.006332,0.002239,0.707065,0.715775,0.729707,-0.018822,-0.021757,-0.011706
1600A,3,2012-04-09 23:59:54,2012-04-30 23:59:54,2012-04-20 11:59:54,22,0,0.696465,0.686488,0.703944,0.009079,0.001936,0.692060,0.697329,0.697378,-0.000178,-0.012372,0.008090
1600A,3,2012-05-01 23:59:54,2012-05-31 23:59:54,2012-05-15 23:59:54,29,0,0.694224,0.686765,0.701275,0.009067,0.001684,0.690931,0.696062,0.692026,0.002631,-0.006537,0.011776
1600A,3,2012-06-01 23:59:54,2012-06-30 23:59:54,2012-06-16 23:59:54,29,0,0.693570,0.687943,0.698959,0.006089,0.001131,0.688967,0.695444,0.685310,0.007508,0.003416,0.012837
1600A,3,2012-07-01 23:53:53,2012-07-31 23:59:53,2012-07-16 23:53:53,31,0,0.691320,0.682453,0.696051,0.007103,0.001276,0.686553,0.691917,0.679224,0.012201,0.005110,0.016427
1600A,3,2012-08-01 23:59:53,2012-08-31 23:59:53,2012-08-17 00:05:53,31,0,0.672585,0.663542,0.682233,0.009813,0.001763,0.669959,0.677201,0.672508,0.000297,-0.006602,0.007757
1600A,3,2012-09-01 23:59:53,2012-09-30 23:59:53,2012-09-16 11:59:53,30,0,0.668652,0.659187,0.676573,0.008060,0.001472,0.665163,0.669234,0.666107,0.002573,-0.007279,0.008194
1600A,3,2012-10-01 23:59:53,2012-10-31 23:59:53,2012-10-17 11:59:53,30,0,0.667048,0.659980,0.671672,0.005917,0.001080,0.663354,0.672195,0.659601,0.006671,0.000199,0.012022
1600A,3,2012-11-01 23:59:53,2012-11-30 23:59:53,2012-11-16 23:59:53,29,29,0.653711,0.648928,0.660299,0.005381,0.000999,0.649736,0.662178,0.653199,0.000253,-0.004833,0.005563
1600A,3,2012-12-01 23:59:53,2012-12-31 23:59:53,2012-12-16 23:59:53,31,31,0.650709,0.643704,0.655397,0.005461,0.000981,0.646724,0.653901,0.646903,0.002691,-0.003897,0.008922
1600A,3,2013-01-01 23:59:53,2013-01-31 23:59:53,2013-01-16 23:59:53,31,0,0.639220,0.634677,0.645174,0.005506,0.000989,0.635969,0.642702,0.640397,0.000340,-0.006282,0.005910
1600A,3,2013-02-01 23:53:53,2013-02-14 23:59:53,2013-02-08 11:59:53,14,0,0.637701,0.632316,0.643965,0.007322,0.001957,0.633296,0.639504,0.635675,0.002915,-0.003581,0.007732
1600A,4,2013-02-15 23:59:53,2013-02-28 23:53:53,2013-02-22 11:59:53,14,0,0.633935,0.631710,0.637313,0.006152,0.001644,0.630176,0.639351,0.639129,-0.005588,-0.007662,-0.000958
1600A,4,2013-03-01 23:59:53,2013-03-31 23:59:53,2013-03-16 23:59:53,31,0,0.630205,0.621135,0.636827,0.007799,0.001401,0.627298,0.632573,0.633504,-0.002649,-0.012124,0.003412
1600A,4,2013-04-01 23:59:53,2013-04-30 23:59:53,2013-04-16 11:59:53,30,0,0.621592,0.614740,0.625646,0.006316,0.001153,0.615301,0.624639,0.625880,-0.005421,-0.011147,0.000170
1600A,5,2013-05-01 23:59:53,2013-05-31 23:59:53,2013-05-16 23:59:53,31,0,0.596756,0.592239,0.602640,0.007267,0.001305,0.594317,0.600009,0.603006,-0.006521,-0.008969,-0.001083
1600A,5,2013-06-01 23:59:53,2013-06-30 23:59:53,2013-06-16 11:59:53,30,0,0.588347,0.582208,0.593209,0.005318,0.000971,0.584671,0.590553,0.595975,-0.006868,-0.015098,-0.002781
1600A,5,2013-07-01 23:59:53,2013-07-31 23:59:53,2013-07-16 23:59:53,31,0,0.588662,0.580531,0.592039,0.006792,0.001220,0.580014,0.588662,0.588943,-0.000445,-0.009770,0.004106
1600A,5,2013-08-01 23:59:53,2013-08-14 23:59:53,2013-08-08 11:59:53,14,0,0.574346,0.569450,0.579084,0.005575,0.001490,0.571556,0.576772,0.583756,-0.009295,-0.013462,-0.005522
1600A,6,2013-08-15 23:59:53,2013-08-31 23:59:53,2013-08-23 23:59:53,17,0,0.624051,0.612900,0.626522,0.011025,0.002674,0.618515,0.624051,0.646992,-0.023719,-0.033104,-0.021193
1600A,6,2013-09-01 23:59:53,2013-09-30 23:59:53,2013-09-16 11:59:53,30,0,0.615915,0.611218,0.621083,0.005154,0.000941,0.611775,0.619009,0.642725,-0.027162,-0.031038,-0.022488
1600A,6,2013-10-01 23:59:53,2013-10-31 23:59:53,2013-10-17 11:59:53,30,0,0.611888,0.607819,0.621208,0.006603,0.001206,0.606686,0.612499,0.637096,-0.024966,-0.029026,-0.016669
1600A,6,2013-11-01 23:59:53,2013-11-30 23:59:53,2013-11-16 11:59:53,30,30,0.630811,0.620694,0.634911,0.006920,0.001263,0.623121,0.630811,0.631648,-0.001426,-0.010001,0.004199
1600A,6,2013-12-01 23:59:53,2013-12-31 23:59:53,2013-12-16 23:59:53,31,31,0.624579,0.620486,0.631001,0.006262,0.001125,0.616977,0.625670,0.626109,-0.001087,-0.006338,0.006250
1600A,6,2014-01-01 23:59:53,2014-01-31 23:59:53,2014-01-16 23:59:53,31,0,0.617307,0.611744,0.627104,0.008541,0.001534,0.614139,0.619604,0.620480,-0.001279,-0.010007,0.005999
1600A,6,2014-02-01 23:59:53,2014-02-28 23:59:53,2014-02-14 23:59:53,27,0,0.614188,0.610863,0.617721,0.005380,0.001035,0.609008,0.614188,0.615214,-0.000248,-0.003644,0.002609
1600A,6,2014-03-01 23:59:53,2014-03-31 23:59:53,2014-03-16 23:59:53,31,0,0.612305,0.606671,0.619244,0.009144,0.001642,0.608615,0.612305,0.609766,0.002357,-0.004595,0.009176
1600A,6,2014-04-01 23:59:53,2014-04-30 23:59:53,2014-04-16 11:59:53,30,0,0.607667,0.601459,0.613188,0.006353,0.001160,0.601896,0.607667,0.604228,0.002309,-0.003884,0.007959
1600A,6,2014-05-01 23:59:53,2014-05-31 23:59:53,2014-05-16 23:59:53,31,0,0.606772,0.602040,0.613386,0.006904,0.001240,0.601347,0.606772,0.598978,0.008117,0.003442,0.013779
1600A,6,2014-06-01 23:59:53,2014-06-30 23:53:53,2014-06-16 11:59:53,30,0,0.603893,0.598991,0.607082,0.004717,0.000861,0.598895,0.603893,0.593840,0.009648,0.005167,0.013324
1600A,6,2014-07-02 23:59:53,2014-07-31 23:59:53,2014-07-17 11:59:53,30,0,0.597890,0.593203,0.602207,0.004788,0.000874,0.590172,0.597890,0.588702,0.009818,0.005514,0.012690
1600A,6,2014-08-01 23:59:53,2014-08-31 23:59:53,2014-08-15 11:59:53,28,0,0.591402,0.587378,0.595745,0.005143,0.000972,0.588225,0.591402,0.583732,0.008817,0.004525,0.012217
1600A,6,2014-09-01 23:59:53,2014-09-29 23:53:53,2014-09-15 23:53:53,29,0,0.585732,0.581162,0.590237,0.006145,0.001141,0.575863,0.585732,0.578593,0.006686,0.003691,0.010824
1600A,6,2014-10-01 23:59:53,2014-10-31 23:59:53,2014-10-17 11:59:53,30,0,0.583147,0.577843,0.589391,0.005880,0.001074,0.577381,0.583147,0.573118,0.010009,0.004593,0.016086
1600A,6,2014-11-01 23:59:53,2014-11-30 23:59:53,2014-11-15 23:59:53,27,27,0.583986,0.578425,0.589887,0.005740,0.001105,0.575649,0.583986,0.568148,0.014569,0.010741,0.021793
1600A,6,2014-12-02 00:05:53,2014-12-31 23:59:53,2014-12-17 11:59:53,30,30,0.572902,0.564184,0.584547,0.010615,0.001938,0.564321,0.572902,0.562841,0.010565,0.001670,0.019721
1600A,6,2015-01-01 23:59:53,2015-01-31 23:59:53,2015-01-16 23:59:53,31,0,0.562922,0.558312,0.569258,0.006206,0.001115,0.557708,0.562922,0.557703,0.004876,0.000002,0.011924
1600A,6,2015-02-01 23:59:53,2015-02-28 23:59:53,2015-02-15 11:59:53,28,0,0.561140,0.553370,0.566606,0.006578,0.001243,0.554492,0.561140,0.552733,0.008287,0.001936,0.013179
1600A,6,2015-03-01 23:59:53,2015-03-31 23:59:53,2015-03-17 23:59:53,29,0,0.551405,0.542000,0.557375,0.007985,0.001483,0.544415,0.551405,0.547595,0.004424,-0.005044,0.009763
1600A,6,2015-04-01 23:53:53,2015-04-30 23:59:53,2015-04-16 11:59:53,30,0,0.544927,0.538829,0.549074,0.005522,0.001008,0.537868,0.544927,0.542625,0.002562,-0.002421,0.004954
1600A,6,2015-05-01 23:59:53,2015-05-31 23:59:53,2015-05-16 23:59:53,31,0,0.540319,0.533520,0.549767,0.007224,0.001297,0.535292,0.540319,0.537487,0.002887,-0.003694,0.011941
1600A,6,2015-06-01 23:59:53,2015-06-30 23:59:53,2015-06-16 11:59:53,30,0,0.535569,0.530737,0.542293,0.005495,0.001003,0.530848,0.535569,0.532349,0.004195,-0.001555,0.009401
1600A,6,2015-07-01 23:59:52,2015-07-31 23:59:52,2015-07-16 23:59:52,31,0,0.531612,0.526407,0.537655,0.005626,0.001011,0.526468,0.531612,0.527211,0.005255,-0.001949,0.010170
1600A,6,2015-08-01 23:59:52,2015-08-31 23:59:52,2015-08-16 23:59:52,31,0,0.525507,0.521252,0.529725,0.003923,0.000705,0.519534,0.525507,0.521988,0.003859,-0.001942,0.008273
1600A,6,2015-09-01 23:59:52,2015-09-30 23:59:52,2015-09-16 11:59:52,30,0,0.526004,0.520614,0.531363,0.004863,0.000888,0.520653,0.526004,0.516849,0.008325,0.004529,0.014173
1600A,6,2015-10-01 23:59:52,2015-10-31 23:59:52,2015-10-16 23:59:52,31,0,0.524031,0.519708,0.527734,0.005565,0.000999,0.516076,0.524031,0.511711,0.012135,0.008030,0.014911
1600A,6,2015-11-01 23:59:52,2015-11-30 23:59:52,2015-11-16 11:59:52,30,30,0.521287,0.515600,0.526025,0.005244,0.000957,0.513260,0.521287,0.506573,0.013698,0.009776,0.019838
1600A,6,2015-12-01 23:59:52,2015-12-31 23:59:52,2015-12-15 23:59:52,29,29,0.515838,0.509286,0.521287,0.005871,0.001090,0.508752,0.515838,0.501603,0.015141,0.008599,0.019424
1600A,6,2016-01-01 23:59:52,2016-01-31 23:59:52,2016-01-16 23:59:52,31,0,0.513091,0.504563,0.518658,0.007142,0.001283,0.503877,0.513091,0.496212,0.015635,0.007488,0.022864
1600A,6,2016-02-01 23:59:52,2016-02-29 23:59:52,2016-02-15 23:59:52,29,0,0.503799,0.498786,0.508513,0.004866,0.000904,0.497383,0.503799,0.491158,0.011888,0.008425,0.016409
1600A,6,2016-03-01 23:59:52,2016-03-31 23:59:52,2016-03-16 23:59:52,31,0,0.498604,0.496320,0.502605,0.004028,0.000723,0.493170,0.498604,0.486104,0.013852,0.009788,0.016296
1600A,6,2016-04-01 23:59:52,2016-04-30 23:59:52,2016-04-16 11:59:52,30,0,0.496911,0.491140,0.499855,0.004632,0.000846,0.491104,0.496911,0.480966,0.015959,0.010038,0.019386
1600A,6,2016-05-01 23:59:52,2016-05-31 23:59:52,2016-05-16 23:59:52,31,0,0.489439,0.487696,0.493461,0.003756,0.000675,0.484780,0.489439,0.479028,0.010908,0.008195,0.014501
1600A,6,2016-06-02 00:05:52,2016-06-30 23:59:52,2016-06-16 11:59:52,30,0,0.487989,0.484901,0.491537,0.003962,0.000723,0.483039,0.487989,0.476538,0.012047,0.007677,0.015338
1600A,6,2016-07-01 23:59:52,2016-07-31 23:59:52,2016-07-16 23:59:52,31,0,0.484603,0.481857,0.489609,0.003396,0.000610,0.480006,0.484603,0.474047,0.010775,0.008284,0.015435
1600A,6,2016-08-01 23:59:52,2016-08-31 23:59:52,2016-08-20 23:59:52,23,0,0.482470,0.479165,0.485087,0.002882,0.000601,0.476807,0.482470,0.471189,0.011549,0.008002,0.013817
1600A,6,2016-09-01 23:59:52,2016-09-30 23:59:52,2016-09-16 11:59:52,30,0,0.480103,0.476670,0.482527,0.003042,0.000555,0.473530,0.480103,0.469025,0.011414,0.007010,0.012878
1600A,6,2016-10-01 23:59:52,2016-10-31 23:59:52,2016-10-16 23:59:52,31,0,0.477319,0.474126,0.479064,0.002551,0.000458,0.470588,0.477319,0.466535,0.010250,0.007241,0.012253
1600A,6,2016-11-01 23:59:52,2016-11-30 23:59:52,2016-11-16 11:59:52,30,30,0.475504,0.471849,0.478007,0.003144,0.000574,0.470767,0.475504,0.464044,0.011267,0.007840,0.014374
1600A,6,2016-12-01 23:59:52,2016-12-31 23:59:52,2016-12-16 23:59:52,31,31,0.472308,0.468377,0.477308,0.004458,0.000801,0.468126,0.472308,0.461554,0.011503,0.007310,0.015120
1600A,6,2017-01-01 23:59:51,2017-01-31 23:59:51,2017-01-16 23:59:51,31,0,0.469678,0.467248,0.471970,0.003033,0.000545,0.465016,0.469678,0.459022,0.010570,0.008488,0.013063
1600A,6,2017-02-01 23:59:51,2017-02-28 23:59:51,2017-02-15 11:59:51,28,0,0.464060,0.459523,0.466533,0.003654,0.000691,0.458455,0.464060,0.456614,0.007427,0.003568,0.009585
1600A,6,2017-03-01 23:59:51,2017-03-31 23:59:51,2017-03-16 23:59:51,31,0,0.462063,0.457151,0.465008,0.003534,0.000635,0.457097,0.462063,0.454205,0.007258,0.003828,0.010438
1600A,6,2017-04-01 23:59:51,2017-04-30 23:59:51,2017-04-16 11:59:51,30,0,0.457444,0.454122,0.462187,0.004142,0.000756,0.452806,0.457444,0.451714,0.005657,0.002760,0.010410
1600A,6,2017-05-01 23:59:51,2017-05-31 23:59:51,2017-05-16 23:59:51,31,0,0.453610,0.451173,0.456455,0.002494,0.000448,0.450129,0.453610,0.449223,0.004223,0.002562,0.006870
1600A,6,2017-06-01 23:59:51,2017-06-30 23:59:51,2017-06-16 11:59:51,30,0,0.449625,0.446594,0.450881,0.003124,0.000570,0.444919,0.449625,0.446733,0.002958,-0.000202,0.004365
1600A,6,2017-07-01 23:59:51,2017-07-31 23:59:51,2017-07-16 23:59:51,31,0,0.447512,0.443191,0.449507,0.003557,0.000639,0.443460,0.447512,0.444242,0.002963,-0.000750,0.005592
1600A,6,2017-08-01 23:59:51,2017-08-31 23:59:51,2017-08-16 23:59:51,31,0,0.443366,0.440333,0.447053,0.003318,0.000596,0.438994,0.443366,0.441711,0.001655,-0.000963,0.005758
1600A,6,2017-09-01 23:59:51,2017-09-30 23:59:51,2017-09-16 11:59:51,30,0,0.440296,0.438143,0.443547,0.003323,0.000607,0.434583,0.440296,0.439221,0.001353,-0.001126,0.004278
1600A,6,2017-10-01 23:59:51,2017-10-31 23:59:51,2017-10-16 23:59:51,31,0,0.438418,0.435874,0.439530,0.002031,0.000365,0.433399,0.438418,0.436730,0.001196,-0.000814,0.003157
1600A,6,2017-11-01 23:59:51,2017-11-30 23:59:51,2017-11-16 23:59:51,29,29,0.438354,0.435489,0.441505,0.002980,0.000553,0.433355,0.438354,0.434199,0.003772,0.001631,0.007000
1600A,6,2017-12-01 23:59:51,2017-12-31 23:59:51,2017-12-16 23:59:51,31,31,0.436388,0.431384,0.438310,0.003819,0.000686,0.431310,0.436388,0.431749,0.004383,0.000457,0.006343
1600A,6,2018-01-01 23:59:51,2018-01-31 23:59:51,2018-01-16 11:59:51,30,0,0.431932,0.429510,0.433188,0.001968,0.000359,0.427975,0.431932,0.429258,0.002750,0.000085,0.004957
1600A,6,2018-02-01 23:59:51,2018-02-28 23:59:51,2018-02-15 11:59:51,28,0,0.430936,0.427955,0.432312,0.002877,0.000544,0.425431,0.430936,0.426808,0.003322,0.001012,0.004890
1600A,6,2018-03-01 23:59:51,2018-03-31 23:59:51,2018-03-16 23:59:51,31,0,0.424022,0.423067,0.427265,0.003425,0.000615,0.419425,0.424022,0.424459,-0.000385,-0.001615,0.001745
1600A,6,2018-04-01 23:59:51,2018-04-30 23:59:51,2018-04-16 11:59:51,30,0,0.430769,0.418878,0.433205,0.005777,0.001055,0.419178,0.430769,0.420691,0.010023,-0.000199,0.012408
1600A,6,2018-05-01 23:59:51,2018-05-31 23:59:51,2018-05-16 23:59:51,31,0,0.416144,0.412397,0.419505,0.003900,0.000701,0.411382,0.416144,0.416924,-0.000305,-0.004309,0.001776
1600A,6,2018-06-01 23:59:51,2018-06-30 23:59:51,2018-06-16 11:59:51,30,0,0.411750,0.408192,0.415092,0.003465,0.000633,0.407790,0.411750,0.413157,-0.001036,-0.004589,0.000899
1600A,6,2018-07-01 23:59:51,2018-07-31 23:59:51,2018-07-16 23:59:51,31,0,0.409740,0.408039,0.411914,0.001931,0.000347,0.405516,0.409740,0.409389,0.000467,-0.000749,0.001770
1600A,6,2018-08-01 23:59:51,2018-08-31 23:59:51,2018-08-16 23:59:51,31,0,0.406202,0.403717,0.408348,0.002420,0.000435,0.401619,0.406202,0.405560,0.001136,-0.002273,0.002326
1600A,6,2018-09-01 23:59:51,2018-09-30 23:59:51,2018-09-16 11:59:51,30,0,0.403442,0.401927,0.405056,0.001646,0.000301,0.398443,0.403442,0.401792,0.001591,-0.000407,0.003833
1600A,6,2018-10-01 23:59:51,2018-10-31 23:59:51,2018-10-16 23:59:51,31,0,0.401776,0.399383,0.403060,0.001882,0.000338,0.396872,0.401776,0.398025,0.003504,0.002021,0.005034
1600A,6,2018-11-01 23:59:51,2018-11-30 23:59:51,2018-11-16 11:59:51,30,30,0.399177,0.398234,0.400712,0.001477,0.000270,0.394749,0.399177,0.394258,0.004857,0.003511,0.006667
1600A,6,2018-12-01 23:59:51,2018-12-31 23:59:51,2018-12-16 23:59:51,31,31,0.397405,0.394404,0.399555,0.002702,0.000485,0.393771,0.397405,0.390490,0.007020,0.004128,0.008066
1600A,6,2019-01-01 23:59:51,2019-01-31 23:59:51,2019-01-16 23:59:51,31,0,0.393202,0.390983,0.395192,0.002079,0.000373,0.390049,0.393202,0.386661,0.006223,0.004869,0.008156
1600A,6,2019-02-01 23:59:51,2019-02-28 23:59:51,2019-02-15 11:59:51,28,0,0.387176,0.384791,0.389152,0.002142,0.000405,0.381833,0.387176,0.383017,0.003678,0.002240,0.005758
1600A,6,2019-03-01 23:59:51,2019-03-31 23:59:51,2019-03-17 11:59:51,30,0,0.383814,0.381618,0.385646,0.002642,0.000482,0.379299,0.383814,0.379312,0.004484,0.002761,0.005853
1600A,6,2019-04-01 23:59:51,2019-04-30 23:59:51,2019-04-16 11:59:51,30,0,0.379278,0.378034,0.380424,0.001997,0.000365,0.374801,0.379278,0.375606,0.003882,0.001769,0.005212
1600A,6,2019-05-01 23:59:51,2019-05-31 23:59:51,2019-05-16 23:59:51,31,0,0.374524,0.373042,0.378232,0.002776,0.000498,0.370979,0.374524,0.371838,0.003165,0.000622,0.005433
1600A,6,2019-06-01 23:59:51,2019-06-30 23:59:51,2019-06-16 11:59:51,30,0,0.371898,0.370261,0.373997,0.001748,0.000319,0.367555,0.371898,0.368071,0.003993,0.002090,0.005804
1600A,6,2019-07-01 23:59:51,2019-07-31 23:59:51,2019-07-16 23:59:51,31,0,0.369343,0.367985,0.370542,0.001542,0.000277,0.366021,0.369343,0.364303,0.005379,0.003938,0.006628
1600A,6,2019-08-01 23:59:51,2019-08-31 23:59:51,2019-08-16 23:59:51,31,0,0.367897,0.365573,0.369104,0.001925,0.000346,0.363828,0.367897,0.360474,0.007193,0.005343,0.008410
1600A,6,2019-09-01 23:59:51,2019-09-30 23:59:51,2019-09-16 11:59:51,30,0,0.365817,0.364516,0.367486,0.001746,0.000319,0.362920,0.365817,0.356707,0.009186,0.007822,0.010736
1600A,6,2019-10-01 23:59:51,2019-10-31 23:59:51,2019-10-16 23:59:51,31,0,0.364712,0.362879,0.366764,0.001847,0.000332,0.361117,0.364712,0.352939,0.011761,0.009974,0.013389
1600A,6,2019-11-01 23:59:51,2019-11-30 23:59:51,2019-11-16 11:59:51,30,30,0.362911,0.361076,0.364330,0.001486,0.000271,0.359604,0.362911,0.349172,0.013498,0.011003,0.015239
1600A,6,2019-12-01 23:59:51,2019-12-31 23:59:51,2019-12-16 23:59:51,31,31,0.359691,0.357822,0.360849,0.001399,0.000251,0.356506,0.359691,0.345404,0.014129,0.013316,0.015280
1600A,6,2020-01-01 23:59:51,2020-01-31 23:59:51,2020-01-16 23:59:51,31,0,0.355839,0.353723,0.357027,0.002941,0.000528,0.353261,0.355839,0.341575,0.013945,0.011696,0.015357
1600A,6,2020-02-01 23:59:51,2020-02-29 23:59:51,2020-02-15 11:59:51,28,0,0.350132,0.348295,0.351201,0.001716,0.000324,0.345415,0.350132,0.337931,0.012387,0.010781,0.013040
1600A,6,2020-03-01 23:59:51,2020-03-31 23:59:51,2020-03-16 23:59:51,31,0,0.346712,0.345623,0.348616,0.001514,0.000272,0.342563,0.346712,0.334164,0.012504,0.011776,0.013955
1600A,6,2020-04-01 23:59:51,2020-04-30 23:59:51,2020-04-16 11:59:51,30,0,0.343352,0.342247,0.345072,0.001662,0.000303,0.339694,0.343352,0.330396,0.013096,0.011643,0.014681
1600A,6,2020-05-01 23:59:51,2020-05-31 23:59:51,2020-05-16 23:59:51,31,0,0.340280,0.339135,0.341970,0.001585,0.000285,0.337567,0.340280,0.326629,0.014154,0.012896,0.014971
1600A,7,2020-06-01 23:59:51,2020-06-30 23:59:51,2020-06-16 11:59:51,30,0,0.338416,0.337593,0.340043,0.001486,0.000271,0.334855,0.338416,0.337238,0.001178,0.000355,0.002805
1600A,7,2020-07-01 23:59:51,2020-07-31 23:59:51,2020-07-16 23:59:51,31,0,0.336264,0.333596,0.338274,0.002299,0.000413,0.333254,0.336264,0.337238,-0.000974,-0.003642,0.001036
1600A,7,2020-08-01 23:59:51,2020-08-31 23:59:51,2020-08-16 23:59:51,31,0,0.332754,0.330399,0.333831,0.001700,0.000305,0.329833,0.332754,0.337238,-0.004484,-0.006839,-0.003407
1600A,7,2020-09-01 23:59:51,2020-09-30 23:59:51,2020-09-16 11:59:51,30,0,0.331662,0.329152,0.333382,0.002105,0.000384,0.328777,0.331662,0.337238,-0.005576,-0.008086,-0.003856
1600A,7,2020-10-01 23:59:51,2020-10-31 23:59:51,2020-10-16 23:59:51,31,0,0.330344,0.328182,0.332700,0.002085,0.000374,0.326612,0.330344,0.337238,-0.006894,-0.009056,-0.004538
1600A,7,2020-11-01 23:59:51,2020-11-30 23:59:51,2020-11-16 11:59:51,30,30,0.327633,0.325730,0.328544,0.001643,0.000300,0.322796,0.327633,0.337238,-0.009605,-0.011508,-0.008694
1600A,7,2020-12-01 23:59:51,2020-12-30 23:59:51,2020-12-16 11:59:51,30,30,0.324838,0.321825,0.327242,0.002376,0.000434,0.321130,0.324838,0.337238,-0.012400,-0.015413,-0.009996
1700A,0,2010-05-20 00:00:00,2010-05-30 23:59:48,2010-05-23 23:53:54,9,0,0.999704,0.991960,1.011873,0.010514,0.003505,0.996650,1.007734,1.002420,-0.002716,-0.010769,0.009516
1700A,0,2010-06-01 00:00:00,2010-06-30 23:59:54,2010-06-15 23:59:54,31,0,1.000636,0.993326,1.005478,0.007081,0.001272,0.997883,1.002675,1.003380,-0.002864,-0.010158,0.001759
1700A,0,2010-07-01 23:59:54,2010-07-31 23:59:54,2010-07-16 11:59:54,30,0,1.004355,0.996342,1.008048,0.005542,0.001012,1.001266,1.004379,1.004600,-0.000081,-0.008160,0.003269
1700A,0,2010-08-01 23:59:54,2010-08-31 23:59:54,2010-08-16 23:59:54,31,0,1.011670,1.006530,1.019435,0.006784,0.001219,1.009824,1.014559,1.005860,0.006084,0.001174,0.013383
1700A,0,2010-09-01 23:59:54,2010-09-30 23:59:54,2010-09-16 11:59:54,30,0,1.016511,1.010614,1.025445,0.007267,0.001327,1.013902,1.020061,1.007080,0.009411,0.003508,0.018374
1700A,0,2010-10-01 23:59:54,2010-10-31 23:59:54,2010-10-15 23:59:54,27,0,1.011030,1.004721,1.017388,0.007868,0.001514,1.010261,1.017065,1.008260,0.003170,-0.003934,0.009616
1700A,0,2010-11-01 23:53:54,2010-11-30 23:59:54,2010-11-16 11:59:54,30,30,1.013595,1.005778,1.018669,0.005809,0.001061,1.010461,1.017805,1.009520,0.004236,-0.003689,0.008692
1700A,0,2010-12-01 23:59:54,2010-12-31 23:59:54,2010-12-16 23:59:54,31,31,1.007217,1.003507,1.016022,0.006263,0.001125,1.006623,1.012512,1.010740,-0.003243,-0.007739,0.005633
1700A,0,2011-01-01 23:59:54,2011-01-26 23:59:54,2011-01-14 11:59:54,26,0,1.004975,0.998032,1.010773,0.006002,0.001177,1.002344,1.010959,1.011880,-0.006968,-0.013828,-0.001367
1700A,1,2011-01-27 23:59:54,2011-01-31 23:59:54,2011-01-29 23:59:54,5,0,1.005951,1.002002,1.011559,0.007608,0.003403,1.003796,1.009664,1.026760,-0.020809,-0.025166,-0.014793
1700A,1,2011-02-01 23:59:54,2011-02-28 23:59:54,2011-02-14 23:59:54,27,0,1.019967,1.014330,1.025196,0.006030,0.001160,1.017195,1.024354,1.021990,-0.002243,-0.010112,0.004332
1700A,1,2011-03-01 23:59:54,2011-03-30 23:59:54,2011-03-16 11:59:54,30,0,1.023561,1.017057,1.030692,0.007338,0.001340,1.021691,1.027380,1.013200,0.009830,0.003189,0.018918
1700A,1,2011-04-01 00:05:54,2011-04-30 23:59:54,2011-04-16 11:59:54,30,0,1.011993,1.000170,1.016679,0.007474,0.001365,1.008746,1.012222,1.003960,0.006571,-0.002283,0.013512
1700A,1,2011-05-01 23:59:54,2011-05-31 23:59:54,2011-05-16 12:02:54,30,0,0.999917,0.993606,1.005488,0.006834,0.001248,0.997332,0.999998,0.995022,0.003467,-0.002227,0.012572
1700A,1,2011-06-01 23:59:54,2011-06-30 23:59:54,2011-06-17 11:59:54,28,0,0.991826,0.986826,1.001199,0.007274,0.001375,0.990934,0.995009,0.985485,0.006448,0.001190,0.015534
1700A,1,2011-07-01 23:59:54,2011-07-31 23:59:54,2011-07-17 23:59:54,29,0,0.985322,0.979020,0.992746,0.006325,0.001174,0.983433,0.988261,0.976396,0.007734,0.003673,0.014658
1700A,1,2011-08-01 23:59:54,2011-08-31 23:59:54,2011-08-16 23:59:54,31,0,0.975104,0.967796,0.979977,0.006634,0.001192,0.970944,0.975104,0.967456,0.006754,0.001007,0.011818
1700A,1,2011-09-01 23:59:54,2011-09-30 23:59:54,2011-09-15 23:59:54,29,0,0.960687,0.950304,0.964058,0.007705,0.001431,0.957690,0.961140,0.958516,0.001411,-0.007321,0.004347
1700A,1,2011-10-01 23:59:54,2011-10-31 23:59:54,2011-10-16 23:59:54,29,0,0.940069,0.933256,0.948060,0.008249,0.001532,0.935030,0.943410,0.949277,-0.008612,-0.012678,-0.003977
1700A,1,2011-11-01 23:59:54,2011-11-30 23:59:54,2011-11-16 11:59:54,30,30,0.928880,0.922424,0.937291,0.006985,0.001275,0.926829,0.930815,0.940337,-0.011199,-0.016096,-0.004584
1700A,1,2011-12-01 23:59:54,2011-12-30 23:53:54,2011-12-17 11:59:54,28,28,0.917269,0.907021,0.926613,0.009438,0.001784,0.915699,0.925195,0.931248,-0.013907,-0.022493,-0.008461
1700A,2,2011-12-31 23:59:54,2012-01-31 23:59:54,2012-01-16 11:59:54,32,1,0.845426,0.839573,0.850136,0.005325,0.000941,0.840346,0.845426,0.844565,0.000918,-0.003931,0.005093
1700A,2,2012-02-01 23:59:54,2012-02-29 23:59:54,2012-02-15 23:59:54,29,0,0.851069,0.847418,0.855521,0.005127,0.000952,0.847987,0.853003,0.848421,0.003080,-0.001321,0.007868
1700A,2,2012-03-01 23:53:54,2012-03-31 23:59:54,2012-03-16 23:59:54,31,0,0.850569,0.846656,0.856426,0.004572,0.000821,0.848130,0.851894,0.852213,-0.001766,-0.005645,0.004625
1700A,2,2012-04-01 23:59:54,2012-04-09 23:59:54,2012-04-05 23:59:54,9,0,0.845322,0.844567,0.848394,0.002249,0.000750,0.844934,0.847600,0.854742,-0.008977,-0.010610,-0.006434
1700A,3,2012-04-10 23:59:54,2012-04-30 23:59:54,2012-04-20 23:59:54,21,0,0.821469,0.815773,0.831292,0.010204,0.002227,0.819505,0.825613,0.839024,-0.017398,-0.024103,-0.006837
1700A,3,2012-05-01 23:59:54,2012-05-31 23:59:54,2012-05-15 23:59:54,29,0,0.836156,0.826955,0.844306,0.007620,0.001415,0.832757,0.836304,0.836294,-0.001011,-0.008735,0.008353
1700A,3,2012-06-01 23:59:54,2012-06-30 23:59:54,2012-06-16 23:59:54,29,0,0.840026,0.836384,0.843281,0.004366,0.000811,0.835375,0.840026,0.832690,0.006518,0.003446,0.010518
1700A,3,2012-07-01 23:53:53,2012-07-31 23:59:53,2012-07-16 23:53:53,31,0,0.842398,0.836702,0.846146,0.005218,0.000937,0.838988,0.843149,0.829522,0.012330,0.007386,0.017170
1700A,3,2012-08-01 23:59:53,2012-08-31 23:59:53,2012-08-17 00:05:53,31,0,0.827233,0.823271,0.834946,0.006083,0.001092,0.824458,0.830485,0.826137,0.001090,-0.002582,0.007411
1700A,3,2012-09-01 23:59:53,2012-09-30 23:59:53,2012-09-16 11:59:53,30,0,0.824875,0.822151,0.831066,0.005609,0.001024,0.819684,0.828179,0.822806,0.002597,-0.000700,0.007232
1700A,3,2012-10-01 23:59:53,2012-10-31 23:59:53,2012-10-17 11:59:53,30,0,0.826225,0.820850,0.829083,0.004839,0.000884,0.818864,0.828831,0.819420,0.007171,0.001030,0.010199
1700A,3,2012-11-01 23:59:53,2012-11-30 23:59:53,2012-11-16 23:59:53,29,29,0.820252,0.814321,0.824711,0.005267,0.000978,0.814962,0.822655,0.816089,0.003903,-0.001807,0.008117
1700A,3,2012-12-01 23:59:53,2012-12-31 23:59:53,2012-12-16 23:59:53,31,31,0.816505,0.810923,0.818916,0.004376,0.000786,0.809096,0.816505,0.812813,0.002710,-0.002239,0.006186
1700A,3,2013-01-01 23:59:53,2013-01-31 23:59:53,2013-01-16 23:59:53,31,0,0.808648,0.804310,0.811020,0.003996,0.000718,0.803596,0.811111,0.809427,-0.000997,-0.005242,0.002404
1700A,3,2013-02-01 23:53:53,2013-02-15 23:59:53,2013-02-08 23:59:53,15,0,0.810271,0.807131,0.817725,0.004337,0.001120,0.803712,0.815537,0.806915,0.003778,0.000850,0.010399
1700A,4,2013-02-16 23:59:53,2013-02-28 23:53:53,2013-02-22 23:59:53,13,0,0.812652,0.807745,0.818598,0.006470,0.001794,0.810864,0.815389,0.808877,0.004002,-0.001984,0.010247
1700A,4,2013-03-01 23:59:53,2013-03-31 23:59:53,2013-03-16 23:59:53,31,0,0.805961,0.800579,0.812147,0.005665,0.001017,0.803461,0.809131,0.803884,0.002767,-0.003598,0.009182
1700A,4,2013-04-01 23:59:53,2013-05-01 23:59:53,2013-04-16 23:59:53,31,0,0.802504,0.797988,0.804944,0.004984,0.000895,0.799052,0.802504,0.796849,0.004958,0.000601,0.009286
1700A,5,2013-05-02 23:59:53,2013-05-31 23:59:53,2013-05-17 11:59:53,30,0,0.786245,0.780879,0.790142,0.005591,0.001021,0.784153,0.786644,0.785257,0.000339,-0.003590,0.004021
1700A,5,2013-06-01 23:59:53,2013-06-30 23:59:53,2013-06-16 11:59:53,30,0,0.781190,0.775323,0.784602,0.004689,0.000856,0.779430,0.783255,0.781478,-0.000046,-0.005507,0.003390
1700A,5,2013-07-01 23:59:53,2013-07-31 23:59:53,2013-07-16 23:59:53,31,0,0.778552,0.775371,0.784748,0.005009,0.000900,0.776551,0.779546,0.777637,0.001628,-0.002380,0.006132
1700A,5,2013-08-01 23:59:53,2013-08-15 23:59:53,2013-08-08 23:59:53,15,0,0.771596,0.768455,0.774805,0.002952,0.000762,0.768692,0.772508,0.774740,-0.002551,-0.006489,-0.000449
1700A,6,2013-08-16 23:59:53,2013-08-31 23:59:53,2013-08-24 11:59:53,16,0,0.831548,0.824779,0.836570,0.005869,0.001467,0.829747,0.833757,0.816912,0.014437,0.007195,0.021346
1700A,6,2013-09-01 23:59:53,2013-09-30 23:59:53,2013-09-16 11:59:53,30,0,0.828534,0.824937,0.832021,0.004558,0.000832,0.826451,0.832749,0.822909,0.005907,0.000377,0.010544
1700A,6,2013-10-01 23:59:53,2013-10-31 23:59:53,2013-10-17 11:59:53,30,0,0.828371,0.821628,0.830899,0.004884,0.000892,0.825853,0.828879,0.830991,-0.001388,-0.009877,0.000895
1700A,6,2013-11-01 23:59:53,2013-11-30 23:59:53,2013-11-16 11:59:53,30,30,0.855986,0.843097,0.862685,0.010811,0.001974,0.854141,0.857206,0.838814,0.015876,0.004518,0.024054
1700A,6,2013-12-01 23:59:53,2013-12-31 23:59:53,2013-12-16 23:59:53,31,31,0.853161,0.848199,0.859899,0.006268,0.001126,0.851734,0.860045,0.846767,0.005361,-0.000064,0.015234
1700A,6,2014-01-01 23:59:53,2014-01-31 23:59:53,2014-01-16 23:59:53,31,0,0.854108,0.841952,0.858700,0.008071,0.001450,0.852710,0.855092,0.854850,-0.002140,-0.012737,0.002586
1700A,6,2014-02-01 23:59:53,2014-02-28 23:59:53,2014-02-14 23:59:53,27,0,0.857907,0.855007,0.862963,0.006371,0.001226,0.854606,0.863483,0.862411,-0.003466,-0.007090,-0.000529
1700A,6,2014-03-01 23:59:53,2014-03-31 23:59:53,2014-03-16 23:59:53,31,0,0.877675,0.871239,0.881125,0.007109,0.001277,0.876732,0.881684,0.870234,0.007950,0.000769,0.013190
1700A,6,2014-04-01 23:59:53,2014-04-30 23:59:53,2014-04-16 11:59:53,30,0,0.873432,0.871211,0.878943,0.006004,0.001096,0.872524,0.879171,0.878186,-0.004058,-0.010324,0.001564
1700A,6,2014-05-01 23:59:53,2014-05-31 23:59:53,2014-05-16 23:59:53,31,0,0.879763,0.875927,0.886724,0.005540,0.000995,0.878563,0.882756,0.880973,-0.001333,-0.005062,0.005734
1700A,6,2014-06-01 23:59:53,2014-06-30 23:53:53,2014-06-16 11:59:53,30,0,0.878061,0.873554,0.884693,0.005175,0.000945,0.875907,0.881442,0.880704,-0.002686,-0.007185,0.004000
1700A,6,2014-07-02 23:59:53,2014-07-31 23:59:53,2014-07-17 11:59:53,30,0,0.878975,0.874393,0.887454,0.006222,0.001136,0.876302,0.880145,0.880426,-0.001376,-0.006009,0.007035
1700A,6,2014-08-01 23:59:53,2014-08-31 23:59:53,2014-08-15 11:59:53,28,0,0.882993,0.878306,0.885330,0.004151,0.000784,0.879742,0.884032,0.880175,0.002835,-0.001862,0.005227
1700A,6,2014-09-01 23:59:53,2014-09-29 23:53:53,2014-09-15 23:53:53,29,0,0.881029,0.877523,0.886835,0.005360,0.000995,0.877472,0.881029,0.879898,0.001061,-0.002402,0.006868
1700A,6,2014-10-01 23:59:53,2014-10-31 23:59:53,2014-10-17 11:59:53,30,0,0.880557,0.873266,0.885668,0.005776,0.001054,0.877195,0.880557,0.879620,0.000995,-0.006392,0.006128
1700A,6,2014-11-01 23:59:53,2014-11-30 23:59:53,2014-11-15 23:59:53,27,27,0.886013,0.878084,0.891174,0.008361,0.001609,0.881049,0.886157,0.879351,0.006688,-0.001379,0.011802
1700A,6,2014-12-02 00:05:53,2014-12-31 23:59:53,2014-12-17 11:59:53,30,30,0.879761,0.869360,0.884740,0.007872,0.001437,0.877765,0.881669,0.879078,0.000555,-0.009609,0.005580
1700A,6,2015-01-01 23:59:53,2015-01-31 23:59:53,2015-01-16 23:59:53,31,0,0.876239,0.871768,0.883471,0.005884,0.001057,0.873813,0.880517,0.878814,-0.002680,-0.007077,0.004763
1700A,6,2015-02-01 23:59:53,2015-02-28 23:59:53,2015-02-15 11:59:53,28,0,0.880354,0.872148,0.884886,0.006496,0.001228,0.879111,0.881063,0.878553,0.001804,-0.006361,0.006276
1700A,6,2015-03-01 23:59:53,2015-03-31 23:59:53,2015-03-17 23:59:53,29,0,0.876841,0.866251,0.878720,0.007201,0.001337,0.873594,0.876841,0.878276,-0.001585,-0.011966,0.000456
1700A,6,2015-04-01 23:53:53,2015-04-30 23:59:53,2015-04-16 11:59:53,30,0,0.872854,0.869156,0.878667,0.004469,0.000816,0.870986,0.875074,0.878026,-0.005237,-0.008930,0.000652
1700A,6,2015-05-01 23:59:53,2015-05-31 23:59:53,2015-05-16 23:59:53,31,0,0.878800,0.872424,0.886830,0.006519,0.001171,0.875834,0.880018,0.877756,0.001105,-0.005318,0.009142
1700A,6,2015-06-01 23:59:53,2015-06-30 23:59:53,2015-06-16 11:59:53,30,0,0.877946,0.873727,0.884100,0.005015,0.000916,0.875557,0.880638,0.877487,0.000467,-0.003741,0.006645
1700A,6,2015-07-01 23:59:52,2015-07-31 23:59:52,2015-07-16 23:59:52,31,0,0.874515,0.870675,0.880070,0.005075,0.000912,0.872669,0.876628,0.877219,-0.002722,-0.006489,0.002815
1700A,6,2015-08-01 23:59:52,2015-08-31 23:59:52,2015-08-16 23:59:52,31,0,0.872921,0.869220,0.877670,0.004293,0.000771,0.871608,0.874853,0.876946,-0.004122,-0.007655,0.000828
1700A,6,2015-09-01 23:59:52,2015-09-30 23:59:52,2015-09-16 11:59:52,30,0,0.876278,0.871805,0.879921,0.004128,0.000754,0.873586,0.878752,0.876677,-0.000350,-0.004849,0.003266
1700A,6,2015-10-01 23:59:52,2015-10-31 23:59:52,2015-10-16 23:59:52,31,0,0.877181,0.872319,0.880357,0.004083,0.000733,0.875487,0.880145,0.876408,0.000685,-0.004093,0.003931
1700A,6,2015-11-01 23:59:52,2015-11-30 23:59:52,2015-11-16 11:59:52,30,30,0.880438,0.876836,0.884972,0.003665,0.000669,0.877808,0.882104,0.876140,0.004285,0.000783,0.008806
1700A,6,2015-12-01 23:59:52,2015-12-31 23:59:52,2015-12-15 23:59:52,29,29,0.877556,0.871410,0.886017,0.006622,0.001230,0.875752,0.879370,0.875880,0.001826,-0.004431,0.010080
1700A,6,2016-01-01 23:59:52,2016-01-31 23:59:52,2016-01-16 23:59:52,31,0,0.879488,0.872510,0.887151,0.006577,0.001181,0.878222,0.880059,0.875598,0.003837,-0.003175,0.011651
1700A,6,2016-02-01 23:59:52,2016-02-29 23:59:52,2016-02-15 23:59:52,29,0,0.878375,0.874425,0.883569,0.004245,0.000788,0.876124,0.879151,0.875333,0.002989,-0.000810,0.008241
1700A,6,2016-03-01 23:59:52,2016-03-31 23:59:52,2016-03-16 23:59:52,31,0,0.877517,0.873884,0.879936,0.003889,0.000699,0.875461,0.878080,0.875069,0.002421,-0.001275,0.004950
1700A,6,2016-04-01 23:59:52,2016-05-01 23:59:52,2016-04-16 23:59:52,31,0,0.878329,0.875155,0.882276,0.004317,0.000775,0.876900,0.879298,0.874796,0.003586,0.000484,0.007542
1700A,7,2016-05-02 23:59:52,2016-05-31 23:59:52,2016-05-17 11:59:52,30,0,0.875520,0.872935,0.878802,0.003404,0.000622,0.872975,0.876407,0.871957,0.003514,0.000911,0.006911
1700A,7,2016-06-02 00:05:52,2016-06-30 23:59:52,2016-06-16 11:59:52,30,0,0.876116,0.872937,0.879180,0.003076,0.000562,0.873640,0.876908,0.871696,0.004424,0.001210,0.007557
1700A,7,2016-07-01 23:59:52,2016-07-31 23:59:52,2016-07-16 23:59:52,31,0,0.875742,0.873516,0.878124,0.003754,0.000674,0.873420,0.877352,0.871430,0.004242,0.002003,0.006647
1700A,7,2016-08-01 23:59:52,2016-08-31 23:59:52,2016-08-20 23:59:52,23,0,0.875673,0.872920,0.878629,0.003474,0.000724,0.874265,0.876886,0.871125,0.004513,0.001729,0.007509
1700A,7,2016-09-01 23:59:52,2016-09-30 23:59:52,2016-09-16 11:59:52,30,0,0.875268,0.872986,0.877165,0.002466,0.000450,0.872500,0.875268,0.870894,0.004335,0.002074,0.006261
1700A,7,2016-10-01 23:59:52,2016-10-31 23:59:52,2016-10-16 23:59:52,31,0,0.875356,0.872667,0.877518,0.002759,0.000496,0.872832,0.875909,0.870628,0.004681,0.002079,0.006925
1700A,7,2016-11-01 23:59:52,2016-11-30 23:59:52,2016-11-16 11:59:52,30,30,0.877080,0.873848,0.879129,0.002720,0.000497,0.873818,0.877799,0.870362,0.006683,0.003424,0.008764
1700A,7,2016-12-01 23:59:52,2016-12-31 23:59:52,2016-12-16 23:59:52,31,31,0.877414,0.874631,0.878958,0.002575,0.000463,0.875037,0.877414,0.870096,0.007335,0.004520,0.008855
1700A,7,2017-01-01 23:59:51,2017-01-31 23:59:51,2017-01-16 23:59:51,31,0,0.877382,0.874939,0.879404,0.002154,0.000387,0.875467,0.877568,0.869826,0.007558,0.005181,0.009589
1700A,7,2017-02-01 23:59:51,2017-02-28 23:59:51,2017-02-15 11:59:51,28,0,0.875350,0.872257,0.878302,0.002924,0.000553,0.873444,0.877093,0.869568,0.005795,0.002611,0.008639
1700A,7,2017-03-01 23:59:51,2017-03-31 23:59:51,2017-03-16 23:59:51,31,0,0.875738,0.872418,0.876567,0.002287,0.000411,0.873187,0.876394,0.869311,0.006322,0.003068,0.007213
1700A,7,2017-04-01 23:59:51,2017-04-30 23:59:51,2017-04-16 11:59:51,30,0,0.875780,0.872357,0.879886,0.003810,0.000696,0.872120,0.876321,0.869045,0.006744,0.003319,0.010813
1700A,7,2017-05-01 23:59:51,2017-05-31 23:59:51,2017-05-16 23:59:51,31,0,0.874004,0.871043,0.876785,0.002620,0.000470,0.871022,0.874198,0.868779,0.005225,0.002177,0.007976
1700A,7,2017-06-01 23:59:51,2017-06-30 23:59:51,2017-06-16 11:59:51,30,0,0.871311,0.868810,0.873464,0.002661,0.000486,0.868583,0.871899,0.868513,0.002825,0.000293,0.004953
1700A,7,2017-07-01 23:59:51,2017-07-31 23:59:51,2017-07-16 23:59:51,31,0,0.871220,0.867251,0.874052,0.003399,0.000611,0.868312,0.871240,0.868247,0.002934,-0.001000,0.005746
1700A,7,2017-08-01 23:59:51,2017-08-31 23:59:51,2017-08-16 23:59:51,31,0,0.869030,0.866618,0.871460,0.002565,0.000461,0.866639,0.869030,0.867977,0.001175,-0.001390,0.003378
1700A,7,2017-09-01 23:59:51,2017-09-30 23:59:51,2017-09-16 11:59:51,30,0,0.866044,0.863533,0.869592,0.003144,0.000574,0.863164,0.866330,0.867711,-0.001619,-0.004186,0.001856
1700A,7,2017-10-01 23:59:51,2017-10-31 23:59:51,2017-10-16 23:59:51,31,0,0.865336,0.862489,0.867669,0.002504,0.000450,0.862708,0.865336,0.867445,-0.002107,-0.004840,0.000295
1700A,7,2017-11-01 23:59:51,2017-11-30 23:59:51,2017-11-16 23:59:51,29,29,0.867193,0.864159,0.870935,0.002919,0.000542,0.865068,0.867193,0.867174,-0.000042,-0.003034,0.003782
1700A,7,2017-12-01 23:59:51,2017-12-31 23:59:51,2017-12-16 23:59:51,31,31,0.866682,0.860935,0.869350,0.004002,0.000719,0.862882,0.866682,0.866913,-0.000238,-0.005896,0.002364
1700A,7,2018-01-01 23:59:51,2018-01-31 23:59:51,2018-01-16 11:59:51,30,0,0.864284,0.862238,0.865436,0.001913,0.000349,0.861692,0.864284,0.866646,-0.002333,-0.004461,-0.001208
1700A,7,2018-02-01 23:59:51,2018-02-28 23:59:51,2018-02-15 11:59:51,28,0,0.864467,0.859582,0.866578,0.003317,0.000627,0.861842,0.864467,0.866386,-0.001883,-0.006716,0.000175
1700A,7,2018-03-01 23:59:51,2018-03-31 23:59:51,2018-03-16 23:59:51,31,0,0.858032,0.855849,0.860639,0.002499,0.000449,0.855179,0.858032,0.864269,-0.006936,-0.008460,-0.004320
1700A,7,2018-04-01 23:59:51,2018-04-30 23:59:51,2018-04-16 11:59:51,30,0,0.856562,0.851511,0.859929,0.004442,0.000811,0.851681,0.856562,0.860309,-0.004669,-0.007883,-0.001623
1700A,7,2018-05-01 23:59:51,2018-05-31 23:59:51,2018-05-16 23:59:51,31,0,0.852354,0.849591,0.855983,0.002989,0.000537,0.848794,0.852354,0.856348,-0.003476,-0.007206,-0.001024
1700A,7,2018-06-01 23:59:51,2018-06-30 23:59:51,2018-06-16 11:59:51,30,0,0.850499,0.844916,0.851451,0.003145,0.000574,0.847164,0.850499,0.852388,-0.002683,-0.006403,-0.000879
1700A,7,2018-07-01 23:59:51,2018-07-31 23:59:51,2018-07-16 23:59:51,31,0,0.845780,0.841612,0.847936,0.003425,0.000615,0.842226,0.845780,0.848427,-0.002735,-0.005407,-0.001287
1700A,7,2018-08-01 23:59:51,2018-08-31 23:59:51,2018-08-16 23:59:51,31,0,0.834813,0.833071,0.838508,0.002534,0.000455,0.833124,0.834813,0.844402,-0.008687,-0.011278,-0.006739
1700A,7,2018-09-01 23:59:51,2018-09-30 23:59:51,2018-09-16 11:59:51,30,0,0.832709,0.830447,0.833834,0.001470,0.000268,0.830709,0.832709,0.840441,-0.008142,-0.009152,-0.006447
1700A,7,2018-10-01 23:59:51,2018-10-31 23:59:51,2018-10-16 23:59:51,31,0,0.830851,0.829559,0.831909,0.001079,0.000194,0.828650,0.830851,0.836480,-0.005542,-0.007030,-0.004852
1700A,7,2018-11-01 23:59:51,2018-11-30 23:59:51,2018-11-16 11:59:51,30,30,0.830877,0.830036,0.832346,0.001271,0.000232,0.827492,0.830877,0.832520,-0.001446,-0.003314,0.000500
1700A,7,2018-12-01 23:59:51,2018-12-31 23:59:51,2018-12-16 23:59:51,31,31,0.827890,0.824868,0.830875,0.002752,0.000494,0.824873,0.827890,0.828559,-0.000635,-0.002500,0.001554
1700A,7,2019-01-01 23:59:51,2019-01-31 23:59:51,2019-01-16 23:59:51,31,0,0.824928,0.822960,0.826602,0.001969,0.000354,0.821029,0.824928,0.824534,0.000370,-0.001673,0.002420
1700A,7,2019-02-01 23:59:51,2019-02-28 23:59:51,2019-02-15 11:59:51,28,0,0.818449,0.815865,0.820066,0.002099,0.000397,0.815698,0.818449,0.820703,-0.002419,-0.004448,-0.000984
1700A,7,2019-03-01 23:59:51,2019-03-31 23:59:51,2019-03-17 11:59:51,30,0,0.814704,0.813291,0.816057,0.001824,0.000333,0.811858,0.814704,0.816807,-0.002430,-0.003982,-0.000754
1700A,7,2019-04-01 23:59:51,2019-04-30 23:59:51,2019-04-16 11:59:51,30,0,0.810693,0.808541,0.812132,0.001996,0.000364,0.807878,0.810693,0.812912,-0.001886,-0.004040,-0.000242
1700A,7,2019-05-01 23:59:51,2019-05-31 23:59:51,2019-05-16 23:59:51,31,0,0.806723,0.804819,0.810452,0.002697,0.000484,0.803819,0.806723,0.808951,-0.001524,-0.003316,0.000422
1700A,7,2019-06-01 23:59:51,2019-06-30 23:59:51,2019-06-16 11:59:51,30,0,0.802763,0.801198,0.804832,0.001713,0.000313,0.800423,0.802763,0.804991,-0.002104,-0.003223,-0.000152
1700A,7,2019-07-01 23:59:51,2019-07-31 23:59:51,2019-07-16 23:59:51,31,0,0.799411,0.797948,0.801499,0.001839,0.000330,0.796519,0.799411,0.801030,-0.001839,-0.002959,-0.000024
1700A,7,2019-08-01 23:59:51,2019-08-31 23:59:51,2019-08-16 23:59:51,31,0,0.796397,0.794615,0.797744,0.001670,0.000300,0.794060,0.796397,0.797005,-0.000737,-0.002035,0.000425
1700A,7,2019-09-01 23:59:51,2019-09-30 23:59:51,2019-09-16 11:59:51,30,0,0.794319,0.792619,0.795618,0.001708,0.000312,0.791238,0.794319,0.793044,0.000857,-0.000383,0.002530
1700A,7,2019-10-01 23:59:51,2019-10-31 23:59:51,2019-10-16 23:59:51,31,0,0.793461,0.792084,0.794197,0.001235,0.000222,0.790136,0.793461,0.789083,0.004198,0.002804,0.005100
1700A,7,2019-11-01 23:59:51,2019-11-30 23:59:51,2019-11-16 11:59:51,30,30,0.793095,0.792361,0.794182,0.001172,0.000214,0.788566,0.793095,0.785123,0.007983,0.006195,0.009597
1700A,7,2019-12-01 23:59:51,2019-12-31 23:59:51,2019-12-16 23:59:51,31,31,0.791068,0.788624,0.792246,0.001812,0.000326,0.785696,0.791068,0.781162,0.009516,0.008049,0.010981
1700A,7,2020-01-01 23:59:51,2020-01-31 23:59:51,2020-01-16 23:59:51,31,0,0.787694,0.785468,0.789271,0.002998,0.000538,0.783345,0.787694,0.777137,0.010340,0.007924,0.012093
1700A,7,2020-02-01 23:59:51,2020-02-29 23:59:51,2020-02-15 11:59:51,28,0,0.781814,0.780372,0.784023,0.001909,0.000361,0.779451,0.781814,0.773306,0.008309,0.007364,0.009632
1700A,7,2020-03-01 23:59:51,2020-03-31 23:59:51,2020-03-16 23:59:51,31,0,0.779694,0.778390,0.781217,0.001461,0.000262,0.776692,0.779694,0.769346,0.010307,0.009148,0.011927
1700A,7,2020-04-01 23:59:51,2020-04-30 23:59:51,2020-04-16 11:59:51,30,0,0.777350,0.775844,0.778613,0.001557,0.000284,0.774359,0.777350,0.765385,0.011715,0.010502,0.013424
1700A,7,2020-05-01 23:59:51,2020-06-01 23:59:51,2020-05-17 11:59:51,32,0,0.774110,0.773220,0.775743,0.001258,0.000222,0.771056,0.774110,0.761359,0.013170,0.011625,0.014119
1700A,8,2020-06-02 23:59:51,2020-06-30 23:59:51,2020-06-16 23:59:51,29,0,0.771335,0.769559,0.773203,0.001883,0.000350,0.767076,0.771335,0.771802,-0.000467,-0.002243,0.001401
1700A,8,2020-07-01 23:59:51,2020-07-31 23:59:51,2020-07-16 23:59:51,31,0,0.768189,0.763311,0.769553,0.002924,0.000525,0.764158,0.768189,0.771802,-0.003613,-0.008491,-0.002249
1700A,8,2020-08-01 23:59:51,2020-08-31 23:59:51,2020-08-16 23:59:51,31,0,0.760726,0.757883,0.761601,0.002047,0.000368,0.757949,0.760726,0.771802,-0.011076,-0.013919,-0.010201
1700A,8,2020-09-01 23:59:51,2020-09-30 23:59:51,2020-09-16 11:59:51,30,0,0.759504,0.757525,0.760808,0.001620,0.000296,0.757216,0.759504,0.771802,-0.012298,-0.014277,-0.010994
1700A,8,2020-10-01 23:59:51,2020-10-31 23:59:51,2020-10-16 23:59:51,31,0,0.757665,0.755992,0.758937,0.001870,0.000336,0.755534,0.757665,0.771802,-0.014137,-0.015810,-0.012865
1700A,8,2020-11-01 23:59:51,2020-11-30 23:59:51,2020-11-16 11:59:51,30,30,0.759731,0.758595,0.761990,0.002173,0.000397,0.755722,0.759731,0.771802,-0.012071,-0.013207,-0.009812
1700A,8,2020-12-01 23:59:51,2020-12-30 23:59:51,2020-12-16 11:59:51,30,30,0.757973,0.756266,0.760386,0.002815,0.000514,0.753020,0.757973,0.771802,-0.013829,-0.015536,-0.011416
